Class,F1-Score
Not Resigned (0),0.963922942206655
Resigned (1),0.7324675324675325
